question,BLEU,ROUGE-L Precision,ROUGE-L Recall,ROUGE-L F1,Token Precision,Token Recall,Token F1,TF-IDF Cosine,Citation Precision,Citation Recall,Citation F1
How do two-stage object detectors differ from single-stage detectors in computer vision?,0.3582799305183337,0.5306122448979592,0.52,0.5252525252525252,0.5918367346938775,0.58,0.5858585858585857,0.7255800253720245,1.0,1.0,1.0
What is the difference between supervised and unsupervised learning algorithms?,0.1907765399514365,0.3014705882352941,0.7321428571428571,0.4270833333333333,0.33088235294117646,0.8035714285714286,0.46875,0.6550657467137404,1.0,1.0,1.0
Explain the text preprocessing steps in natural language processing.,0.06837032590453128,0.1875,0.4576271186440678,0.2660098522167487,0.2608695652173913,0.6101694915254238,0.3654822335025381,0.6338279551837709,1.0,1.0,1.0
How do architectures like CNNs and transformers differ in their approach to processing natural language data versus image data?,0.22276451596492072,0.30434782608695654,0.4827586206896552,0.3733333333333333,0.39855072463768115,0.632183908045977,0.4888888888888889,0.6462855492202417,0.6666666666666666,1.0,0.8
"How do optimization algorithms apply across deep learning, machine learning, and data science model training?'",0.16100572452485173,0.3170731707317073,0.29545454545454547,0.3058823529411765,0.47560975609756095,0.4431818181818182,0.4588235294117647,0.6297734345794891,1.0,1.0,1.0
How do evaluation metrics differ between supervised learning classification tasks and computer vision object detection tasks?,0.08463357576273559,0.2391304347826087,0.13253012048192772,0.17054263565891473,0.4782608695652174,0.26506024096385544,0.34108527131782945,0.45586761766078365,1.0,0.5,0.6666666666666666
